Абаза,Abaza
Абакан,Abakan
Абан,Aban
Абатский,Abatski
Абдулино,Abdulino
Абезь,Abez
Абинск,Abinsk
Абрамцево,Abramtsevo
Абрау-Дюрсо,Abrau-Dyurso
Аган,Agan
Агаповка,Agapovka
Агвали,Agvali
Агеево,Ageyevo
Агинское,Aginskoye
Агрыз,Agryz
Адамовка,Adamovka
Адыгейск,Adygeysk
Азнакаево,Aznakayevo
Азов,Azov
Айдырлинский,Aydyrlinskiy
Айкино,Aykino
Ак-Довурак,Ak-Dovurak
Акбулак,Akbulak
Аккермановка,Akkermanovka
Аксай,Aksay
Аксаково,Aksakovo
Аксарка,Aksarka
Аксеново-Зиловское,Aksenovo-Zilovskoye
Аксубаево,Aksubayevo
Актюбинский,Aktyubinskiy
Акутиха,Akutikha
Акуша,Akusha
Акша,Aksha
Алабино,Alabino
Алагир,Alagir
Алапаевск,Alapayevsk
Алатырь,Alatyr
Алдан,Aldan
Алейск,Aleysk
Александров,Aleksandrov
Александровск-Сахалинский,Aleksandrovsk-Sakhalinskiy
Александровский Завод,Aleksandrovskiy Zavod
Александровское,Aleksandrovskoye
Алексеевка,Alekseyevka
Алексеевск,Alekseyevsk
Алексеевская,Alekseyevskaya
Алексеевское,Alekseyevskoye
Алексин,Aleksin
Алзамай,Alzamay
Аликово,Alikovo
Алмазный,Almazny
Алнаши,Alnashi
Алтухово,Altukhovo
Алтынай,Altynay
Алыгжер,Alygdzher
Альменево,Almenevo
Альметьевск,Almetyevsk
Амазар,Amazar
Амбарный,Ambarny
Амга,Amga
Амдерма,Amderma
Амзя,Amzya
Амурск,Amursk
Анадырь,Anadyr
Анапа,Anapa
Ангарск,Angarsk
Андреаполь,Andreapol
Андреево,Andreyevo
Андропов,Andropov
Анжеро-Судженск,Anzhero-Sudzhensk
Анива,Aniva
Анна,Anna
Анопино,Anopino
Антропово,Antropovo
Анучино,Anuchino
Анциферово,Antsiferovo
Апастово,Apastovo
Апатиты,Apatity
Апрелевка,Aprelevka
Апшеронск,Apsheronsk
Арамиль,Aramil
Арбагар,Arbagar
Арбаж,Arbazh
Аргаяш,Argayash
Аргун,Argun
Ардатов,Ardatov
Ардон,Ardon
Арзамас,Arzamas
Арзгир,Arzgir
Аркадак,Arkadak
Аркуль,Arkul
Армавир,Armavir
Армизонское,Armizonskoye
Аромашево,Aromashevo
Арсеньев,Arsenyev
Арсеньево,Arsenyevo
Арск,Arsk
Артем,Artyom
Артемовск,Artemivsk
Артемовский,Artemovskiy
Арти,Arti
Архангельск,Arkhangelsk
Архара,Arkhara
Архипо-Осиповка,Arkhipo-Osipovka
Архиповка,Arkhipovka
Арья,Arya
Асбест,Asbest
Асекеево,Asekeyevo
Асино,Asino
Аскиз,Askiz
Аскино,Askino
Астрахань,Astrakhan
Атагай,Atagay
Атамановка,Atamanovka
Атка,Atka
Аткарск,Atkarsk
Атласово,Atlasovo
Атюрьево,Atyuryevo
Атяшево,Atyashevo
Афипский,Afipskiy
Африканда,Afrikanda
Ахтубинск,Akhtubinsk
Ахты,Akhty
Ахтырский,Okhtyrka
Ачинск,Achinsk
Ачису,Achi-Su
Ачит,Achit
Ачуево,Achuyevo
Аша,Asha
Ашитково,Ashitkovo
Аянка,Ayanka
Бабаево,Babayevo
Бабаюрт,Babayurt
Бабушкин,Babushkin
Бабынино,Babynino
Бавлы,Bavly
Баган,Bagan
Багдарин,Bagdarin
Багратионовск,Bagrationovsk
Баево,Bayevo
Базарный Карабулак,Bazarny Karabulak
Базарный Сызган,Bazarny Syzgan
Бай Хаак,Bay-Khaak
Байкалово,Baykalovo
Байкальск,Baykalsk
Байкит,Baykit
Байконур,Baykonur
Баймак,Baymak
Бакал,Bakal
Баксан,Baksan
Бакчар,Bakchar
Бакшеево,Baksheyevo
Балабаново,Balabanovo
Балаганск,Balagansk
Балакирево,Balakirevo
Балаково,Balakovo
Балахна,Balakhna
Балахта,Balakhta
Балашиха,Balashikha
Балашов,Balashov
Балезино,Balezino
Балей,Baley
Балтай,Baltay
Балтаси,Baltasi
Балтийск,Baltiysk
Балыгычан,Balygychan
Балыкса,Balyksa
Барабинск,Barabinsk
Баргузин,Barguzin
Барда,Barda
Барзас,Barzas
Барнаул,Barnaul
Барыбино,Barybino
Барыш,Barysh
Барятино,Baryatino
Басьяновский,Basyanovskiy
Батагай,Batagay
Батайск,Bataysk
Батурино,Baturino
Башмаково,Bashmakovo
Баянгол,Bayangol
Баяндай,Bayanday
Бегичевский,Begichevskiy
Бежаницы,Bezhanitsy
Бежецк,Bezhetsk
Бежта,Bezhta
Безенчук,Bezenchuk
Беково,Bekovo
Белая Березка,Belaya Berezka
Белая Калитва,Belaya Kalitva
Белая Холуница,Belaya Kholunitsa
Белая,Belaya
Белгород,Belgorod
Белебей,Belebey
Белев,Belyov
Белинский,Belinskiy
Белово,Belovo
Белогорск,Belogorsk
Белозерск,Belozersk
Белокуриха,Belokurikha
Беломорск,Belomorsk
Белоомут,Beloomut
Белорецк,Beloretsk
Белореченск,Belorechensk
Белоусово,Belousovo
Белоярский,Beloyarskiy
Белый Городок,Bely Gorodok
Белый Яр,Bely Yar
Белый,Bely
Бельтырский,Beltyrskiy
Беляевка,Biliaivka
Бердигестях,Berdigestyakh
Бердск,Berdsk
Бердюжье,Berdyuzhye
Береговой,Beregovoy
Березайка,Berezayka
Березник,Bereznik
Березники,Berezniki
Березовский,Beryozovskiy
Березовый,Berezovy
Берендеево,Berendeyevo
Беринговский,Beringovskiy
Беркакит,Berkakit
Беслан,Beslan
Бессоновка,Bessonovka
Бетлица,Betlitsa
Бея,Beya
Биаза,Biaza
Бижбуляк,Bizhbulyak
Бийск,Biysk
Бикин,Bikin
Бира,Bira
Биракан,Birakan
Биробиджан,Birobidzhan
Бирск,Birsk
Бирюсинск,Biryusinsk
Бискамжа,Biskamzha
Бичура,Bichura
Благовещенск,Blagoveshchensk
Благодарный,Blagodarny
Бобров,Bobrov
Богатое,Bogatoye
Богатырь,Bogatyr
Богданович,Bogdanovich
Боговарово,Bogovarovo
Боголюбово,Bogolyubovo
Богородицк,Bogoroditsk
Богородск,Bogorodsk
Боготол,Bogotol
Боград,Bograd
Богучаны,Boguchany
Богучар,Boguchar
Бодайбо,Bodaybo
Боковская,Bokovskaya
Бокситогорск,Boksitogorsk
Бологое,Bologoye
Болонь,Bolon
Болотное,Bolotnoye
Болохово,Bolokhovo
Болхов,Bolkhov
Большая Вишера,Bolshaya Vishera
Большая Глущица,Bolshaya Glushitsa
Большая Ижора,Bolshaya Izhora
Большая Мартыновка,Bolshaya Martynovka
Большая Мурта,Bolshaya Murta
Большая Речка,Bolshaya Rechka
Большая Соснова,Bolshaya Sosnova
Большая Черниговка,Bolshaya Chernigovka
Большевик,Bolshevik
Большерецк,Bolsheretsk
Большереченск,Bolsherechensk
Большеречье,Bolsherechye
Большеустьикинское,Bolsheustyikinskoye
Большое Болдино,Bolshoye Boldino
Большое Игнатово,Bolshoye Ignatovo
Большое Козино,Bolshoye Kozino
Большое Мурашкино,Bolshoye Murashkino
Большое Нагаткино,Bolshoye Nagatkino
Большое Село,Bolshoye Selo
Большое Солдатское,Bolshoye Soldatskoye
Большое Сорокино,Bolshoye Sorokino
Большой Камень,Bolshoy Kamen
Большой Луг,Bolshoy Lug
Большой Улуй,Bolshoy Uluy
Бор,Bor
Борзя,Borzya
Борисовка,Borisovka
Борисоглебск,Borisoglebsk
Боровичи,Borovichi
Боровлянка,Borovlyanka
Боровой,Borovoy
Боровск,Borovsk
Борогонцы,Borogontsy
Бородино,Borodino
Борское,Borskoye
Ботлих,Botlikh
Бохан,Bokhan
Бошняково,Boshnyakovo
Братск,Bratsk
Бреды,Bredy
Брейтово,Breytovo
Бронницы,Bronnitsy
Брянск,Bryansk
Бугульма,Bugulma
Бугуруслан,Buguruslan
Буденновск,Budyonnovsk
Будогощь,Budogoshch
Бузулук,Buzuluk
Буинск,Buinsk
Буй,Buy
Буйнакск,Buynaksk
Букачача,Bukachacha
Буланаш,Bulanash
Бураево,Burayevo
Бурея,Bureya
Бурла,Burla
Бурмакино,Burmakino
Бурон,Buron
Бурсоль,Bursol
Бутурлино,Buturlino
Бутурлиновка,Buturlinovka
Быков,Bykov
Быково,Bykovo
Бытошь,Bytosh
Вавож,Vavozh
Вагай,Vagay
Вадинск,Vadinsk
Валаам,Valaam
Валдай,Valday
Валентин,Valentin
Валуево,Valuyevo
Валуйки,Valuyki
Ванавара,Vanavara
Ванино,Vanino
Ванкарем,Vankarem
Варгаши,Vargashi
Варегово,Varegovo
Варна,Varna
Варнавино,Varnavino
Васильево,Vasilyevo
Васильевский Мох,Vasilyevskiy Mokh
Васильсурск,Vasilsursk
Вахрушев,Vakhrushev
Вахтан,Vakhtan
Вача,Vacha
Вачи,Vachi
Вейделевка,Veydelevka
Велегож,Velegozh
Велетьма,Veletma
Велиж,Velizh
Великий Устюг,Velikiy Ustyug
Великодворский,Velikodvorskiy
Вельск,Velsk
Венгерово,Vengerovo
Венев,Venyov
Вербилки,Verbilki
Вербовский,Verbovskiy
Верещагино,Vereshchagino
Верея,Vereya
Верхнебаканский,Verkhnebakanskiy
Верхневилюйск,Verkhnevilyuysk
Верхнеимбатск,Verkhneimbatsk
Верхнеколымск,Verkhnekolymsk
Верхнетуломский,Verkhnetulomskiy
Верхнеуральск,Verkhneuralsk
Верхнеяркеево,Verkhneyarkeyevo
Верхний Авзян,Verkhniy Avzyan
Верхний Баскунчак,Verkhniy Baskunchak
Верхний Ландех,Verkhniy Landekh
Верхний Мамон,Verkhniy Mamon
Верхний Тагил,Verkhniy Tagil
Верхний Услон,Verkhniy Uslon
Верхний Уфалей,Verkhniy Ufaley
Верхняя Инта,Verkhnyaya Inta
Верхняя Пышма,Verkhnyaya Pyshma
Верхняя Салда,Verkhnyaya Salda
Верхняя Синячиха,Verkhnyaya Sinyachikha
Верхняя Сысерть,Verkhnyaya Sysert
Верхняя Тойма,Verkhnyaya Toyma
Верхняя Тура,Verkhnyaya Tura
Верхняя Хава,Verkhnyaya Khava
Верховажье,Verkhovazhye
Верховье,Verkhovye
Верхозим,Verkhozim
Верхотурье,Verkhoturye
Верхошижемье,Verkhoshizhemye
Верхоянск,Verkhoyansk
Ветлуга,Vetluga
Вешенская,Veshenskaya
Вешкайма,Veshkayma
Взморье,Vzmorye
Видим,Vidim
Видное,Vidnoe
Визинга,Vizinga
Викулово,Vikulovo
Вилюйск,Vilyuysk
Вилючинск,Vilyuchinsk
Виля,Vilya
Винзили,Vinzili
Вирандозеро,Virandozero
Висим,Visim
Витим,Vitim
Вихоревка,Vikhorevka
Вичуга,Vichuga
Владивосток,Vladivostok
Владикавказ,Vladikavkaz
Владимир,Vladimir
Власово,Vlasovo
Внуково,Vnukovo
Водный,Vodny
Вожаель,Vozhayel
Вожега,Vozhega
Возжаевка,Vozzhayevka
Вознесенское,Voznesenskoye
Вознесенье,Voznesenye
Возрождение,Vozrozhdeniye
Волгоград,Volgograd
Волгодонск,Volgodonsk
Волгореченск,Volgorechensk
Волжск,Volzhsk
Волжский,Volzhskiy
Волово,Volovo
Вологда,Vologda
Володарск,Volodarsk
Волоколамск,Volokolamsk
Волоконовка,Volokonovka
Волосово,Volosovo
Волот,Volot
Волочаевка Вторая,Volochayevka-2
Волошка,Voloshka
Волхов,Volkhov
Волчанск,Volchansk
Волчиха,Volchikha
Вольск,Volsk
Ворга,Vorga
Воркута,Vorkuta
Воробьевка,Vorobyevka
Воронеж,Voronezh
Вороново,Voronovo
Воронцовка,Vorontsovka
Воротынец,Vorotynets
Ворсма,Vorsma
Воскресенск,Voskresensk
Воскресенское,Voskresenskoye
Воткинск,Votkinsk
Вохтога,Vokhtoga
Всеволожск,Vsevolozhsk
Вуктыл,Vuktyl
Вурнары,Vurnary
Выборг,Vyborg
Выгоничи,Vygonichi
Выдрино,Vydrino
Выездное,Vyyezdnoye
Выкса,Vyksa
Выползово,Vypolzovo
Вырица,Vyritsa
Выселки,Vyselki
Высокая Гора,Vysokaya Gora
Высоковск,Vysokovsk
Высокогорный,Vysokogorny
Высокогорск,Vysokogorsk
Высоцк,Vysotsk
Вытегра,Vytegra
Вычегодский,Vychegodskiy
Вышков,Vyshkov
Вышний Волочек,Vyshniy Volochyok
Вяземский,Vyazemskiy
Вязники,Vyazniki
Вязьма,Vyazma
Гаврилов Посад,Gavrilov Posad
Гаврилов Ям,Gavrilov-Yam
Гавриловка,Havrylivka
Гагарин,Gagarin
Гагино,Gagino
Газимурский Завод,Gazimurskiy Zavod
Гай,Gay
Гайны,Gayny
Галич,Galich
Гастелло,Gastello
Гатчина,Gatchina
Гвардейск,Gvardeysk
Гдов,Gdov
Геленджик,Gelendzhik
Георгиевск,Georgiyevsk
Гергебиль,Gergebil
Гешарт,Zheshart
Гиагинская,Giaginskaya
Гигант,Gigant
Гидроторф,Gidrotorf
Гирвас,Girvas
Глазов,Glazov
Глазуновка,Glazunovka
Глинка,Glinka
Глотовка,Glotovka
Глушково,Glushkovo
Глядянское,Glyadyanskoye
Голицыно,Golitsyno
Голынки,Golynki
Голышманово,Golyshmanovo
Горбатов,Gorbatov
Горбатовка,Gorbatovka
Гордеевка,Gordeyevka
Горно-Алтайск,Gorno-Altaysk
Горнозаводск,Gornozavodsk
Горняк,Gornyak
Городец,Gorodets
Городище,Gorodishche
Гороховец,Gorokhovets
Горчуха,Gorchukha
Горшечное,Gorshechnoye
Горячегорск,Goryachegorsk
Горячий Ключ,Goryachiy Klyuch
Грайворон,Grayvoron
Грамотеино,Gramoteino
Грахово,Grakhovo
Грачевка,Grachevka
Гремячинск,Gremyachinsk
Грозный,Grozny
Грязи,Gryazi
Грязовец,Gryazovets
Губаха,Gubakha
Губкин,Gubkin
Губкинский,Gubkinskiy
Гудермез,Gudermes
Гуково,Gukovo
Гуниб,Gunib
Гурское,Gurskoye
Гурьевск,Guryevsk
Гусев,Gusev
Гусиное Озеро,Gusinoye Ozero
Гусиноозерск,Gusinoozersk
Гусь-Железный,Gus-Zhelezny
Гусь-Хрустальный,Gus-Khrustalny
Давенда,Davenda
Давлеканово,Davlekanovo
Давыдовка,Davydovka
Далматово,Dalmatovo
Дальнегорск,Dalnegorsk
Дальнее Константиново,Dalneye Konstantinovo
Дальнереченск,Dalnerechensk
Данилов,Danilov
Данхов,Dankov
Дарасун,Darasun
Дарьинское,Daryinskoye
Дебесы,Debesy
Дегтярск,Degtyarsk
Деденево,Dedenevo
Дедовичи,Dedovichi
Дедовск,Dedovsk
Деманск,Demansk
Демидов,Demidov
Дербент,Derbent
Дербешкинский,Derbyoshkinskiy
Деревянка,Derevyanka
Деркул,Derkul
Десногорск,Desnogorsk
Джаныбек,Zhanibek
Джубга,Dzhubga
Дзержинск,Dzerzhinsk
Дзержинский,Dzerzhinskiy
Дивеево,Diveyevo
Дивногорск,Divnogorsk
Дивное,Divnoye
Дигора,Digora
Диксон,Dikson
Димитровград,Dimitrovgrad
Динская,Dinskaya
Дмитриев-Льговский,Dmitriyev-Lgovskiy
Дмитров,Dmitrov
Дмитровск-Орловский,Dmitrovsk
Дно,Dno
Доброе,Dobroye
Добрянка,Dobryanka
Довольное,Dovolnoye
Долгое,Dolgoye
Долгопрудный,Dolgoprudny
Долгоруково,Dolgorukovo
Долинск,Dolinsk
Долматовский,Dolmatovskiy
Домбай,Dombay
Домодедово,Domodedovo
Донецк,Donetsk
Донской,Donskoy
Дормидонтовка,Dormidontovka
Дорогобуж,Dorogobuzh
Дорохово,Dorokhovo
Досчатое,Doschatoye
Дрезна,Drezna
Дровяная,Drovyanaya
Дружная Горка,Druzhnaya Gorka
Дубна,Dubna
Дубовка,Dubovka
Дубовское,Dubovskoye
Дубровка,Dubrovka
Дуван,Duvan
Дугна,Dugna
Дудинка,Dudinka
Дудоровский,Dudorovskiy
Дульдурга,Duldurga
Дуляпино,Dulyapino
Думиничи,Duminichi
Духовницкое,Dukhovnitskoye
Духовщина,Dukhovshchina
Дылым,Dylym
Дюртюли,Dyurtyuli
Дятьково,Dyatkovo
Евлашево,Yevlashevo
Егорлыкская,Yegorlykskaya
Егорьевск,Yegoryevsk
Ейск,Yesk
Екатеринбург,Yekaterinburg
Екатериновка,Yekaterinovka
Екатеринославка,Yekaterinoslavka
Екимовичи,Yekimovichi
Елабуга,Yelabuga
Еланцы,Yelantsy
Елань-Коленовский,Yelan-Kolenovskiy
Елатьма,Yelatma
Еленский,Yelenskiy
Елец,Yelets
Елизово,Yelizovo
Елово,Yelovo
Ельня,Yelnya
Ельцовка,Yeltsovka
Еманжелинск,Yemanzhelinsk
Емва,Yemva
Емельяново,Yemelyanovo
Емца,Yemtsa
Енисейск,Yeniseysk
Енотаевка,Yenotayevka
Епифань,Yepifan
Ербогачен,Yerbogachen
Ермаковское,Yermakovskoye
Ермекеево,Yermekeyevo
Ермолаево,Yermolayevo
Ерофей Павлович,Yerofey Pavlovich
Ертарский,Yertarskiy
Ершичи,Yershichi
Ершов,Yershov
Ессентуки,Yessentuki
Ефимовский,Yefimovskiy
Ефремов,Yefremov
Железноводск,Zheleznovodsk
Железногорск,Zheleznogorsk
Железногорск-Илимский,Zheleznogorsk-Ilimskiy
Жердевка,Zherdevka
Жигалово,Zhigalovo
Жиганск,Zhigansk
Жигулевск,Zhigulevsk
Жиздра,Zhizdra
Жилево,Zhilyovo
Жиндо,Zhindo
Жирнов,Zhirnov
Жирновск,Zhirnovsk
Жирятино,Zhiryatino
Жуковка,Zhukovka
Жуковский,Zhukovskiy
Забайкальск,Zabaykalsk
Забитуй,Zabituy
Заветное,Zavetnoye
Завитинск,Zavitinsk
Заводопетровский,Zavodopetrovskiy
Заводоуковск,Zavodoukovsk
Заводоуспенское,Zavodouspenskoye
Заводской,Kolpino
Заволжск,Zavolzhsk
Заволжье,Zavolzhye
Завьялово,Zavyalovo
Загорск,Zagorsk
Загорянский,Zagoryanskiy
Задонск,Zadonsk
Заиграево,Zaigrayevo
Заинск,Zainsk
Закаменск,Zakamensk
Залари,Zalari
Залегощь,Zalegoshch
Залесово,Zalesovo
Заозерный,Zaozerny
Заозерск,Zaozersk
Западная Двина,Zapadnaya Dvina
Заплюсье,Zaplyusye
Заполярный,Zapolyarny
Зарайск,Zaraysk
Зареченск,Zarechensk
Заречный,Zarechny
Заречье,Zarechye
Заринск,Zarinsk
Зарубино,Zarubino
Захарово,Zakharovo
Зашеек,Zasheyek
Звездный,Zvyozdny
Звенигово,Zvenigovo
Звенигород,Zvenigorod
Зверево,Zverevo
Зебляки,Zeblyaki
Зеленоборский,Zelenoborskiy
Зеленогорск,Zelenogorsk
Зеленоград,Zelenograd
Зеленоградск,Zelenogradsk
Зеленодольск,Zelenodolsk
Зеленокумск,Zelenokumsk
Земетчино,Zemetchino
Зерноград,Zernograd
Зея,Zeya
Зилаир,Zilair
Зима,Zima
Зирган,Zirgan
Златоуст,Zlatoust
Златоустовск,Zlatoustovsk
Злынка,Zlynka
Змеиногорск,Zmeinogorsk
Змиевка,Zmiyevka
Знаменка,Znamianka
Знаменск,Znamensk
Знаменское,Znamenskoye
Золотаревка,Zolotaryovka
Золотково,Zolotkovo
Золотухино,Zolotukhino
Зольное,Zolnoye
Зубова Поляна,Zubova Polyana
Зубцов,Zubtsov
Зуевка,Zuyevka
Зырянка,Zyryanka
Зырянское,Zyryanskoye
Зюзельский,Zyuzelskiy
Зюкайка,Zyukayka
Ибреси,Ibresi
Ивангород,Ivangorod
Иванищи,Ivanishchi
Ивановка,Ivanovka
Иваново,Ivanovo
Ивантеевка,Ivanteyevka
Иваньковский,Ivankovskiy
Ивдель,Ivdel
Ивня,Ivnya
Иволгинск,Ivolginsk
Ивот,Ivot
Игарка,Igarka
Иглино,Iglino
Игнатовка,Ignatovka
Игра,Igra
Игрим,Igrim
Идель,Idel
Идринское,Idrinskoye
Идрица,Idritsa
Ижевск,Izhevsk
Ижма,Izhma
Избербаш,Izberbash
Известковый,Izvestkovy
Издешково,Izdeshkovo
Излучинск,Izluchinsk
Измайлово,Izmaylovo
Измалково,Izmalkovo
Износки,Iznoski
Изобильный,Izobilny
Изоплит,Izoplit
Изумруд,Izumrud
Икряное,Ikryanoye
Икша,Iksha
Иланский,Ilanskiy
Илеза,Ileza
Ильинско-Подомское,Ilyinsko-Podomskoye
Ильинское-Хованское,Ilyinskoye-Khovanskoye
Илька,Ilka
Ильпырский,Ilpyrskiy
Ильский,Ilskiy
Импилахти,Impilakhti
Инжавино,Inzhavino
Инза,Inza
Инзер,Inzer
Иннокентьевка,Innokentyevka
Иноземцево,Inozemtsevo
Инсар,Insar
Инта,Inta
Ипатово,Ipatovo
Ираель,Irayel
Ирбейское,Irbeyskoye
Ирбит,Irbit
Ириклинский,Iriklinskiy
Иркутск,Irkutsk
Исетское,Isetskoye
Исилькуль,Isilkul
Искитим,Iskitim
Истра,Istra
Исянгулово,Isyangulovo
Итака,Itaka
Итатка,Itatka
Итатский,Itatskiy
Иульитин,Iultin
Ишеевка,Isheyevka
Ишим,Ishim
Ишимбай,Ishimbay
Йошкар-Ола,Yoshkar-Ola
Кабанск,Kabansk
Кабардинка,Kabardinka
Кавалерово,Kavalerovo
Кагальницкая,Kagalnitskaya
Каджером,Kadzherom
Кадников,Kadnikov
Кадом,Kadom
Кадошкино,Kadoshkino
Кадуй,Kaduy
Кадый,Kady
Кадыкчан,Kadykchan
Кажым,Kazhym
Казановка,Kazanovka
Казань,Kazan
Казинка,Kazinka
Казталовка,Kaztalovka
Казым-Мыс,Kazym-Mys
Калач,Kalach
Калач-на-Дону,Kalach-na-Donu
Калачинск,Kalachinsk
Калашниково,Kalashnikovo
Калга,Kalga
Калевала,Kalevala
Калинин,Kalinin
Калининград,Kaliningrad
Калинино,Kalinino
Калининск,Kalininsk
Калмыково,Kalmykovo
Калтан,Kaltan
Калуга,Kaluga
Калязин,Kalyazin
Кама,Kama
Камбарка,Kambarka
Каменка,Kamenka
Каменногорск,Kamennogorsk
Каменномостский,Kamennomostskiy
Каменск,Kamensk
Каменск-Уральский,Kamensk-Uralskiy
Каменск-Шахтинский,Kamensk-Shakhtinskiy
Каменское,Kamenskoe
Камень-на-Оби,Kamen-na-Obi
Камень-Рыболов,Kamen-Rybolov
Камешково,Kameshkovo
Каминский,Kaminskiy
Камское Устье,Kamskoye Ustye
Камызяк,Kamyzyak
Камышин,Kamyshin
Камышла,Kamyshla
Камышлов,Kamyshlov
Канадей,Kanadey
Кананикольское,Kananikolskoye
Канаш,Kanash
Кандалакша,Kandalaksha
Каневская,Kanevskaya
Канкунский,Kankunskiy
Канск,Kansk
Кантемировка,Kantemirovka
Капустин Яр,Kapustin Yar
Карабаново,Karabanovo
Карабаш,Karabash
Карабудахкент,Karabudakhkent
Карагай,Karagay
Караидель,Karaidel
Каракулино,Karakulino
Карасук,Karasuk
Карата,Karata
Каратобе,Karatobe
Каратузское,Karatuzskoye
Караул,Karaul
Карачаевск,Karachayevsk
Карачев,Karachev
Каргаполье,Kargapolye
Каргасок,Kargasok
Каргат,Kargat
Каргополь,Kargopol
Кардымово,Kardymovo
Карпинск,Karpinsk
Карпогоры,Karpogory
Карпунинский,Karpuninskiy
Карсун,Karsun
Карымское,Karymskoye
Касимов,Kasimov
Касли,Kasli
Каспийск,Kaspiysk
Касторное,Kastornoye
Касумкент,Kasumkent
Катав-Ивановск,Katav-Ivanovsk
Катайга,Katayga
Катайск,Kataysk
Катангли,Katangli
Катунки,Katunki
Качканар,Kachkanar
Качуг,Kachug
Кашары,Kashary
Кашин,Kashin
Кашира,Kashira
Квиток,Kvitok
Кедровка,Kedrovka
Кез,Kez
Кемерово,Kemerovo
Кемля,Kemlya
Кемь,Kem
Кенисберг,Kenigsberg
Керженец,Kerzhenets
Керчевский,Kerchevskiy
Кесова Гора,Kesova Gora
Кестеньга,Kestenga
Кетово,Ketovo
Кижинга,Kizhinga
Кизел,Kizel
Кизилюрт,Kizilyurt
Кизляр,Kizlyar
Кизнер,Kizner
Кикерино,Kikerino
Кикнур,Kiknur
Килемары,Kilemary
Кильдинстрой,Kildinstroy
Кильмезь,Kilmez
Кимовск,Kimovsk
Кимры,Kimry
Кингисепп,Kingisepp
Кинель,Kinel
Кинель-Черкасы,Kinel-Cherkassy
Кинешма,Kineshma
Киргиз-Мияки,Kirgiz-Miyaki
Киреевск,Kireyevsk
Киренск,Kirensk
Киржач,Kirzhach
Кириллов,Kirillov
Кириши,Kirishi
Киров,Kirov
Кировград,Kirovgrad
Кирово-Чепецк,Kirovo-Chepetsk
Кировск,Kirovsk
Кирс,Kirs
Кирсанов,Kirsanov
Киря,Kirya
Киселевск,Kiselevsk
Кисловодск,Kislovodsk
Кичменгский Городок,Kichmengskiy Gorodok
Киясово,Kiyasovo
Клетня,Kletnya
Климово,Klimovo
Клин,Klin
Клинцы,Klintsy
Кличка,Klichka
Клявлино,Klyavlino
Княгинино,Knyaginino
Коболдо,Koboldo
Кобринское,Kobrinskoye
Ковдор,Kovdor
Ковернино,Kovernino
Ковров,Kovrov
Ковылкино,Kovylkino
Когалым,Kogalym
Кодино,Kodino
Кодинск,Kodinsk
Кожевниково,Kozhevnikovo
Кожино,Kozhino
Кожым,Kozhym
Козельск,Kozelsk
Козулька,Kozulka
Козьмодемьянск,Kozmodemyansk
Койгородок,Koygorodok
Кокаревка,Kokarevka
Кокошкино,Kokoshkino
Коксовый,Koksovy
Кокуй,Kokuy
Кола,Kola
Кологрив,Kologriv
Коломна,Kolomna
Колосовка,Kolosovka
Колпашево,Kolpashevo
Колпино,Kolpino
Колпны,Kolpny
Колывань,Kolyvan
Колышлей,Kolyshley
Кольчугино,Kolchugino
Колюбакино,Kolyubakino
Комаричи,Komarichi
Коммунар,Kommunar
Комсомольск,Komsomolsk
Комсомольск-на-Амуре,Komsomolsk-at-Amur
Комсомольское,Komsomolske
Конаково,Konakovo
Конда,Konda
Кондинское,Kondinskoye
Кондоль,Kondol
Кондопога,Kondopoga
Кондрово,Kondrovo
Коноша,Konosha
Константиновск,Konstantinovsk
Конышевка,Konyshevka
Копейск,Kopeysk
Копьево,Kopyevo
Кораблино,Korablino
Коренево,Korenevo
Кореновск,Korenovsk
Коркино,Korkino
Кормиловка,Kormilovka
Королев,Korolyov
Короча,Korocha
Корсаков,Korsakov
Корткерос,Kortkeros
Коряжма,Koryazhma
Коса,Kosa
Косино,Kosino
Кослан,Koslan
Костомукша,Kostomuksha
Кострома,Kostroma
Котельниково,Kotelnikovo
Котельнич,Kotelnich
Котлас,Kotlas
Котово,Kotovo
Котовск,Kotovsk
Кохма,Kokhma
Кочево,Kochevo
Кочкурово,Kochkurovo
Кочубеевское,Kochubeyevskoye
Кочубей,Kochubey
Кош-Агач,Kosh-Agach
Красково,Kraskovo
Красная Гора,Syktyvkar
Красная Горбатка,Krasnaya Gorbatka
Красная Заря,Ishim
Красноармейск,Krasnoarmiisk
Красноармейская,Blagoveshchensk
Красноармейское,Donetsk
Красноборск,Krasnoborsk
Красновишерск,Krasnovishersk
Красногвардейское,Krasnogvardeyskoye
Красногорск,Krasnogorsk
Красногорское,Krasnogorskoye
Краснодар,Krasnodar
Краснозаводск,Krasnozavodsk
Краснозерское,Krasnozerskoye
Краснознаменск,Krasnoznamensk
Краснокаменск,Krasnokamensk
Краснокамск,Krasnokamsk
Красноселькуп,Krasnoselkup
Краснослободск,Krasnoslobodsk
Краснотуранск,Krasnoturansk
Краснотурьинск,Krasnoturyinsk
Красноуральск,Krasnouralsk
Красноусольский,Krasnousolskiy
Красноуфимск,Krasnoufimsk
Краснощеково,Krasnoshchekovo
Красноярск,Krasnoyarsk
Красный Кут,Krasny Kut
Красный Сулин,Krasny Sulin
Красный Холм,Krasny Kholm
Красный Чикой,Krasny Chikoy
Красный Яр,Krasny Yar
Кресцы,Kresttsy
Кривошеино,Krivosheino
Кромы,Kromy
Кронштадт,Kronshtadt
Кропоткин,Kropotkin
Крутинка,Krutinka
Крыловская,Osa
Крымск,Krymsk
Крюково,Kryukovo
Кстово,Kstovo
Кубинка,Kubinka
Кувандык,Kuvandyk
Кувшиново,Kuvshinovo
Кугеси,Kugesi
Кудымкар,Kudymkar
Куеда,Kuyeda
Куженер,Kuzhener
Кузнецк,Kuznetsk
Кузоватово,Kuzovatovo
Куйбышев,Kuybyshev
Куйбышево,Kuybyshevo
Куйтун,Kuytun
Кукмод,Kukmor
Кукмор,Kukmor
Кулебаки,Kulebaki
Култук,Kultuk
Кулунда,Kulunda
Кумены,Kumeny
Кумертау,Kumertau
Кумух,Kumukh
Кумылженская,Kumylzhenskaya
Кунашак,Kunashak
Кунгур,Kungur
Купавна,Kupavna
Купино,Kupino
Курагино,Kuragino
Курах,Kurakh
Курган,Kurgan
Курганинск,Kurganinsk
Курильск,Kurilsk
Куркино,Kurkino
Курманаевка,Kurmanayevka
Куровское,Kurovskoye
Курсавка,Kursavka
Курск,Kursk
Куртамыш,Kurtamysh
Курумкан,Kurumkan
Курчатов,Kurchatov
Куса,Kusa
Кутулик,Kutulik
Кушва,Kushva
Кушнаренково,Kushnarenkovo
Кущевская,Kushchevskaya
Кшенский,Kshenskiy
Кызыл,Kyzyl
Кыра,Kyra
Кырен,Kyren
Кытманово,Kytmanovo
Кыштовка,Kyshtovka
Кыштым,Kyshtym
Кяхта,Kahta
Лабинск,Labinsk
Лабытнанги,Labytnangi
Лаврентия,Lavrentiya
Лаишево,Laishevo
Лангепас,Langepas
Ларьяк,Laryak
Лахденпохья,Lakhdenpokhya
Лебедянь,Lebedyan
Лебяжье,Lebyazhye
Лев Толстой,Lev Tolstoy
Левокумское,Levokumskoye
Лениногорск,Leninogorsk
Ленинск,Leninsk
Ленинск-Кузнецкий,Leninsk-Kuznetskiy
Ленинское,Leninskoye
Ленск,Lensk
Лесное,Lesnoye
Лесной Городок,Lesnoy Gorodok
Лесной,Lesnoy
Лесозаводск,Lesozavodsk
Лесосибирск,Lesosibirsk
Лешуконское,Leshukonskoye
Ливны,Livny
Ликино-Дулево,Likino-Dulyovo
Лиман,Liman
Липецк,Lipetsk
Липин Бор,Lipin Bor
Лисий Нос,Lisiy Nos
Лиски,Liski
Лихославль,Likhoslavl
Лобня,Lobnya
Лодейное Поле,Lodeynoye Pole
Локня,Loknya
Локоть,Lokot
Ломоносов,Lomonosov
Лопатино,Lopatino
Лосино-Петровский,Losino-Petrovskiy
Лотошино,Lotoshino
Лоухи,Loukhi
Луга,Luga
Луза,Luza
Лукино,Lukino
Лукоянов,Lukoyanov
Луховицы,Lukhovitsy
Лучегорск,Luchegorsk
Лысково,Lyskovo
Лысьва,Lysva
Лыткарино,Lytkarino
Львовский,Podolsk
Льгов,Lgov
Люберцы,Lyubertsy
Любим,Lyubim
Любытино,Lyubytino
Людиново,Lyudinovo
Лямбирь,Lyambir
Лянтор,Lyantor
Магадан,Magadan
Магарамкент,Magaramkent
Магдагачи,Magdagachi
Магнитогорск,Magnitogorsk
Маджалис,Madzhalis
Майкоп,Maykop
Майна,Mayna
Майский,Mayskiy
Майя,Mayya
Макаров,Makarov
Макарьев,Makaryev
Максатиха,Maksatikha
Макушино,Makushino
Малаховка,Malakhovka
Малая Вишера,Malaya Vishera
Малая Сердоба,Malaya Serdoba
Малгобек,Malgobek
Малмыж,Malmyzh
Малоархангельск,Maloarkhangelsk
Малоярославец,Maloyaroslavets
Мама,Mama
Мамадыш,Mamadysh
Мамоново,Mamonovo
Мамонтово,Mamontovo
Мантурово,Manturovo
Марево,Marevo
Мари-Турек,Mari-Turek
Мариинск,Mariinsk
Мариинский Посад,Mariinskiy Posad
Маркс,Marks
Марьяновка,Maryanovka
Маслянино,Maslyanino
Матвеев Курган,Matveyev Kurgan
Матвеевка,Matveevka
Махачкала,Makhachkala
Мглин,Mglin
Мегион,Megion
Медведево,Medvedevo
Медвежьегорск,Medvezhyegorsk
Медвенка,Medvenka
Медногорск,Mednogorsk
Медынь,Medyn
Междуреченск,Mezhdurechensk
Мезень,Mezen
Меленки,Melenki
Мелеуз,Meleuz
Мельниково,Melnikovo
Менделеевск,Mendeleyevsk
Мензелинск,Menzelinsk
Месягутово,Mesyagutovo
Мехельта,Mekhelta
Мещовск,Meshchovsk
Миасс,Miass
Мигулинская,Migulinskaya
Миллерово,Millerovo
Милославское,Miloslavskoye
Мильково,Milkovo
Милютинская,Milyutinskaya
Минусинск,Minusinsk
Мирный,Mirny
Михайлов,Mikhaylov
Михайловка,Mikhaylovka
Михайловск,Mikhaylovsk
Михайловское,Mikhaylovskoye
Михнево,Mikhnevo
Мичуринск,Michurinsk
Мишкино,Mishkino
Моготуй,Mogoytuy
Могоча,Mogocha
Можайск,Mozhaysk
Можга,Mozhga
Моздок,Mozdok
Мокроус,Mokrous
Мокроусово,Mokrousovo
Мокшан,Mokshan
Молоково,Molokovo
Молчаново,Molchanovo
Монастырщина,Monastyrshchina
Монды,Mondy
Монино,Monino
Мончегорск,Monchegorsk
Моргауши,Morgaushi
Мордово,Mordovo
Морки,Morki
Морозовск,Morozovsk
Моршанск,Morshansk
Мосальск,Mosalsk
Москва,Moscow
Мостовской,Mostovskoy
Мотыгино,Motygino
Мошенское,Moshenskoye
Мошково,Moshkovo
Мраково,Mrakovo
Муезерский,Muezersky
Муравленко,Muravlenko
Мураши,Murashi
Мурманск,Murmansk
Мурмаши,Murmashi
Муром,Murom
Муромцево,Muromtsevo
Муслюмово,Muslyumovo
Муханово,Mukhanovo
Мухоршибирь,Mukhorshibir
Мценск,Mtsensk
Мыс Шмидта,Mys Shmidta
Мытищи,Mytishchi
Мышкино,Myshkino
Навашино,Navashino
Навля,Navlya
Нагорск,Nagorsk
Надым,Nadym
Назарово,Nazarovo
Назрань,Nazran
Называевск,Nazyvayevsk
Нальчик,Nalchik
Наровчат,Narovchat
Нарофоминск,Naro-Fominsk
Нарткала,Nartkala
Нарышкино,Naryshkino
Нарьян-Мар,Naryan-Mar
Наурская,Naurskaya
Нахабино,Nakhabino
Находка,Nakhodka
Началово,Nachalovo
Невель,Nevel
Невельск,Nevelsk
Неверкино,Neverkino
Невинномысск,Nevinnomyssk
Невьянск,Nevyansk
Некрасовка,Nekrasovka
Некрасовское,Nekrasovskoye
Нелидово,Nelidovo
Нелькан,Nelkan
Нема,Nema
Неман,Neman
Немчиновка,Nemchinovka
Нерехта,Nerekhta
Нерчинск,Nerchinsk
Нерчинский Завод,Nerchinskiy Zavod
Нерюнгри,Neryungri
Нестеров,Nesterov
Нефтегорск,Neftegorsk
Нефтекамск,Neftekamsk
Нефтекумск,Neftekumsk
Нефтеюганск,Nefteyugansk
Нея,Neya
Нижнеангарск,Nizhneangarsk
Нижневартовск,Nizhnevartovsk
Нижнедевицк,Nizhnedevitsk
Нижнекамск,Nizhnekamsk
Нижнеудинск,Nizhneudinsk
Нижний Ингаш,Nizhniy Ingash
Нижний Ломов,Nizhniy Lomov
Нижний Новгород,Nizhniy Novgorod
Нижний Тагил,Nizhniy Tagil
Нижний Часучей,Nizhniy Tsasuchey
Нижняя Омка,Nizhnyaya Omka
Нижняя Салда,Nizhnyaya Salda
Нижняя Тавда,Nizhnyaya Tavda
Нижняя Тура,Nizhnyaya Tura
Никель,Nikel
Николаевск,Nikolayevsk
Николаевск-на-Амуре,Nikolayevsk-na-Amure
Никольск,Nikolsk
Новая Ляля,Novaya Lyalya
Новая Малыкла,Novaya Malykla
Новая Усмань,Novaya Usman
Новгород,Novgorod
Новичиха,Novichikha
Новоалександровск,Novoaleksandrovsk
Новоалтайск,Novoaltaysk
Новоаннинский,Novoanninskiy
Новобурейский,Novobureyskiy
Нововаршавка,Novovarshavka
Нововоронеж,Novovoronezh
Новодвинск,Novodvinsk
Новодугино,Novodugino
Новозыбков,Novozybkov
Новокузнецк,Novokuznetsk
Новокуйбышевск,Novokuybyshevsk
Новолакское,Novolakskoye
Новомосковск,Novomoskovsk
Новоорск,Novoorsk
Новопавловск,Novopavlovsk
Новопокровка,Novopokrovka
Новоржев,Novorzhev
Новороссийск,Novorossiysk
Новоселицкое,Novoselitskoye
Новоселово,Novoselovo
Новосергиевка,Novosergiyevka
Новосибирск,Novosibirsk
Новосиль,Novosil
Новосокольники,Novosokolniki
Новоспасское,Novospasskoye
Новотроицк,Novotroitsk
Новоузенск,Novouzensk
Новоуральск,Novouralsk
Новохоперск,Novokhopersk
Новочебоксарск,Novocheboksarsk
Новочеркасск,Novocherkassk
Новошахтинск,Novoshakhtinsk
Новошешминск,Novosheshminsk
Новый Некоуз,Novy Nekouz
Новый Оскол,Novy Oskol
Новый Торьял,Novy Toryal
Новый Уренгой,Novy Urengoy
Ногинск,Noginsk
Ноглики,Nogliki
Ножай-Юрт,Nozhay-Yurt
Нолинск,Nolinsk
Норильск,Norilsk
Ноябрьск,Noyabrsk
Нурлат,Nurlat
Ныроб,Nyrob
Нытва,Nytva
Нычалах,Nychalakh
Нюксеница,Nyuksenitsa
Нюрба,Nyurba
Нягань,Nyagan
Няндома,Nyandoma
Обливская,Oblivskaya
Облучье,Obluchye
Обнинск,Obninsk
Обоянь,Oboyan
Обухово,Obukhovo
Объячево,Obyachevo
Одинцово,Odintsovo
Одоев,Odoyev
Ожерелье,Ozherelye
Озерновский,Ozernovskiy
Озерск,Ozersk
Озеры,Ozyory
Озинки,Ozinki
Оконешниково,Okoneshnikovo
Октябрьск,Oktyabrsk
Октябрьский,Oktyabrskiy
Окуловка,Okulovka
Олекминск,Olyokminsk
Оленегорск,Olenegorsk
Оленино,Olenino
Оловянная,Olovyannaya
Олонец,Olonets
Ольга,Olga
Омск,Omsk
Омсукчан,Omsukchan
Омутнинск,Omutninsk
Онгудай,Onguday
Онега,Onega
Опарино,Oparino
Опочка,Opochka
Орда,Orda
Орджоникидзе,Ordzhonikidze
Орджоникидзевская,Ordzhonikidzevskaya
Орел,Oryol
Оренбург,Orenburg
Орехово-Зуево,Orekhovo-Zuyevo
Оричи,Orichi
Орлик,Orlik
Орловский,Orlovsky
Орск,Orsk
Оршанка,Orshanka
Оса,Osa
Оссора,Ossora
Осташков,Ostashkov
Остров,Ostrov
Островское,Ostrovskoye
Острогожск,Ostrogozhsk
Отрадная,Ulyanovsk
Отрадный,Otradny
Оус,Ous
Оха,Okha
Оханск,Okhansk
Охотск,Okhotsk
Очер,Ochyor
Павино,Pavino
Павловка,Pavlovka
Павлово,Pavlovo
Павловск,Pavlovsk
Павловский Посад,Pavlovskiy Posad
Павлоградка,Pavlogradka
Палана,Palana
Палатка,Palatka
Палех,Palekh
Палкино,Palkino
Палласовка,Pallasovka
Панино,Panino
Парабель,Parabel
Параньга,Paranga
Парголово,Pargolovo
Партизанск,Partizansk
Партизанское,Partizanskoye
Парфентьево,Parfentyevo
Парфино,Parfino
Пахачи,Pakhachi
Пачелма,Pachelma
Певек,Pevek
Пенза,Penza
Пено,Peno
Первомайск,Pervomaisk
Первомайский,Pervomaiskyi
Первомайское,Pervomayskoye
Первоуральск,Pervouralsk
Перевоз,Perevoz
Перелюб,Perelyub
Переметное,Peremetnoye
Перемышль,Peremyshl
Переславль-Залесский,Pereslavl-Zalesskiy
Переяславка,Pereyaslavka
Пермь,Perm
Пестово,Pestovo
Пестравка,Pestravka
Пестрецы,Pestretsy
Пестяки,Pestyaki
Песчанокопское,Peschanokopskoye
Петровск,Petrovsk
Петровск-Забайкальский,Petrovsk-Zabaykalskiy
Петровское,Petrovskoe
Петрозаводск,Petrozavodsk
Петропавловка,Petropavlovka
Петропавловск-Камчатский,Petropavlovsk-Kamchatskiy
Петропавловское,Petropavlovskoye
Петухово,Petukhovo
Петушки,Petushki
Печора,Pechora
Печоры,Pechory
Пижанка,Pizhanka
Пикалёво,Pikalevo
Пильна,Pilna
Пинега,Pinega
Пировское,Pirovskoye
Пироговский,Pirogovskiy
Пителино,Pitelino
Питерка,Piterka
Питкяранта,Pitkyaranta
Пичаево,Pichayevo
Плавск,Plavsk
Пласт,Plast
Плесецк,Plesetsk
Плюсса,Plyussa
Повенец,Povenets
Поворино,Povorino
Погар,Pogar
Пограничный,Pogranichny
Подгорное,Podgornoye
Поддорье,Poddorye
Подольск,Podolsk
Подосиновец,Podosinovets
Подпорожье,Podporozhye
Покачи,Pokachi
Покров,Pokrov
Покровка,Pokrovka
Покровск,Pokrovsk
Покровское,Pokrovskoe
Полевской,Polevskoy
Полесск,Polessk
Половинное,Polovinnoye
Полтавка,Poltavka
Полушкино,Polushkino
Полярный,Polyarny
Поназырево,Ponazyrevo
Пономаревка,Ponomarevka
Поныри,Ponyri
Порецкое,Poretskoye
Поронайск,Poronaysk
Порхов,Porkhov
Поспелиха,Pospelikha
Похвистнево,Pokhvistnevo
Почеп,Pochep
Починки,Pochinki
Починок,Pochinok
Поярково,Poyarkovo
Правдинск,Pravdinsk
Преградная,Pregradnaya
Приаргунск,Priargunsk
Привокзальный,Privokzalny
Приволжск,Privolzhsk
Приволжье,Privolzhye
Приморско-Ахтарск,Primorsko-Akhtarsk
Приобье,Priobye
Приозерск,Priozersk
Пристень,Pristen
Приютное,Priyutnoye
Провидения,Provideniya
Прокопьевск,Prokopyevsk
Пролетарск,Proletarsk
Пронск,Pronsk
Протвино,Protvino
Прохладный,Prokhladny
Пряжа,Pryazha
Прямицыно,Pryamitsyno
Псков,Pskov
Пугачев,Pugachev
Пудож,Pudozh
Пуровск,Purovsk
Пустошка,Pustoshka
Путятино,Putyatino
Пучеж,Puchezh
Пушкин,Pushkin
Пушкино,Pushkino
Пущино,Pushchino
Пыталово,Pytalovo
Пыть-Ях,Pyt-Yakh
Пышма,Pyshma
Пятигорск,Pyatigorsk
Радищево,Radishchevo
Радовицкий,Radovitskiy
Радужный,Raduzhny
Раевский,Rayevskiy
Райчихинск,Raychikhinsk
Ракитное,Rakitnoye
Раменское,Ramenskoe
Рамешки,Rameshki
Рамонь,Ramon
Рассказово,Rasskazovo
Ребриха,Rebrikha
Ревда,Revda
Реж,Rezh
Репьевка,Repyevka
Реутов,Reutov
Решетниково,Reshetnikovo
Ржакса,Rzhaksa
Ржаница,Rzhanitsa
Ржев,Rzhev
Ровеньки,Rovenky
Ровное,Rovnoye
Рогнедино,Rognedino
Родино,Rodino
Родионово-Несветайская,Rodionovo-Nesvetayskaya
Романовка,Romanovka
Ромны,Romny
Ромоданово,Romodanovo
Рославль,Roslavl
Россошь,Rossosh
Ростов,Rostov
Ростов-на-Дону,Rostov-na-Donu
Рошаль,Roshal
Ртищево,Rtishchevo
Рублево,Rublevo
Рубцовск,Rubtsovsk
Рудня,Rudnya
Руза,Ruza
Рузаевка,Ruzayevka
Русская Поляна,Russkaya Polyana
Русский Камешкир,Russkiy Kameshkir
Русский,Russkiy
Рутул,Rutul
Рыбинск,Rybinsk
Рыбная Слобода,Rybnaya Sloboda
Рыбное,Rybnoye
Рыльск,Rylsk
Ряжск,Ryazhsk
Рязань,Ryazan
Савино,Savino
Сайхин,Saykhin
Салават,Salavat
Салехард,Salekhard
Салтыковка,Saltykovka
Сальск,Salsk
Самагалтай,Samagaltay
Самара,Samara
Самарга,Samarga
Самойловка,Samoylovka
Сангар,Sangar
Сандово,Sandovo
Санкт-Петербург,Saint Petersburg
Санчурск,Sanchursk
Сапожок,Sapozhok
Саракташ,Saraktash
Саранск,Saransk
Сарапул,Sarapul
Саратов,Saratov
Саргатское,Sargatskoye
Сарманово,Sarmanovo
Саров,Sarov
Сарыг-Сеп,Saryg-Sep
Саскылах,Saskylakh
Сасово,Sasovo
Сатка,Satka
Сафакулево,Safakulevo
Сафоново,Safonovo
Саяногорск,Sayanogorsk
Саянск,Sayansk
Свердловск,Sverdlovsk
Светлогорск,Svetlogorsk
Светлоград,Svetlograd
Светлый Яр,Svetly Yar
Светлый,Svetly
Свеча,Svecha
Свободный,Svobodny
Себеж,Sebezh
Северо-Курильск,Severo-Kurilsk
Северобайкальск,Severobaykalsk
Северодвинск,Severodvinsk
Североморск,Severomorsk
Североуральск,Severouralsk
Северск,Seversk
Северская,Severskaya
Севск,Sevsk
Сегежа,Segezha
Седельниково,Sedelnikovo
Сеймчан,Seymchan
Селенгинск,Selenginsk
Селижарово,Selizharovo
Селты,Selty
Семикаракорск,Semikarakorsk
Семилуки,Semiluki
Сенгилей,Sengiley
Серафимович,Serafimovich
Сергач,Sergach
Сергиев Посад,Sergiyev Posad
Сердобск,Serdobsk
Сернур,Sernur
Серов,Serov
Серпухов,Serpukhov
Серышево,Seryshevo
Сестрорецк,Sestroretsk
Сеченово,Sechenovo
Сибай,Sibay
Сим,Sim
Синегорье,Sinegorye
Сковородино,Skovorodino
Скопин,Skopin
Славгород,Slavgorod
Славск,Slavsk
Славянка,Slavyanka
Славянск-на-Кубани,Slavyansk-na-Kubani
Сладково,Sladkovo
Сланцы,Slantsy
Слободской,Slobodskoy
Слюдянка,Slyudyanka
Смидович,Smidovich
Смирных,Smirnykh
Смоленск,Smolensk
Смоленское,Smolenskoye
Снежинск,Snezhinsk
Снежногорск,Snezhnogorsk
Собинка,Sobinka
Советск,Sovetsk
Советская Гавань,Sovetskaya Gavan
Советский,Sovetskiy
Советское,Sovetskoe
Сокол,Sokol
Сокольское,Sokolskoye
Солигалич,Soligalich
Соликамск,Solikamsk
Солнечногорск,Solnechnogorsk
Солнечнодольск,Solnechnodolsk
Солнцево,Solntsevo
Солонешное,Soloneshnoye
Солтон,Solton
Соль-Илецк,Sol-Iletsk
Сольвычегодск,Solvychegodsk
Сольцы,Soltsy
Сонково,Sonkovo
Сорочинск,Sorochinsk
Сортавала,Sortavala
Сосково,Soskovo
Сосново-Озерское,Sosnovo-Ozerskoye
Сосновоборск,Sosnovoborsk
Сосновское,Sosnovskoye
Сосновый Бор,Sosnovy Bor
Сосногорск,Sosnogorsk
Сосьва,Sosva
Софийск,Sofiysk
Софпорог,Sofporog
Софрино,Sofrino
Сочи,Sochi
Спас-Деменск,Spas-Demensk
Спас-Клепики,Spas-Klepiki
Спасск-Дальний,Spassk-Dalniy
Спасск-Рязанский,Spassk-Ryazanskiy
Спасское,Spasskoye
Спирово,Spirovo
Среднеколымск,Srednekolymsk
Среднеуральск,Sredneuralsk
Средняя Ахтуба,Srednyaya Akhtuba
Сретенск,Sretensk
Ставрополь,Stavropol
Старая Кулатка,Staraya Kulatka
Старая Купавна,Staraya Kupavna
Старая Майна,Staraya Mayna
Старая Полтавка,Staraya Poltavka
Старая Русса,Staraya Russa
Старбеево,Starbeevo
Старица,Staritsa
Староаллейское,Staroaleyskoye
Старобалтачево,Starobaltachevo
Стародуб,Starodub
Старое Дрожжаное,Staroye Drozhzhanoye
Старое Шайгово,Staroye Shaygovo
Старожилово,Starozhilovo
Староминская,Starominskaya
Старосубхангулово,Starosubkhangulovo
Старощербиновская,Staroshcherbinovskaya
Староюрьево,Staroyuryevo
Старый Оскол,Stary Oskol
Степное,Stepnoye
Стерлибашево,Sterlibashevo
Стерлитамак,Sterlitamak
Стойба,Stoyba
Стрежевой,Strezhevoy
Строитель,Stroitel
Ступино,Stupino
Суворов,Suvorov
Суджа,Sudzha
Судиславль,Sudislavl
Судогда,Sudogda
Суздаль,Suzdal
Суземка,Suzemka
Сузун,Suzun
Суксун,Suksun
Суна,Suna
Сунтар,Suntar
Суоярви,Suoyarvi
Сура,Sura
Сураж,Surazh
Сургут,Surgut
Суровикино,Surovikino
Сурское,Surskoye
Сусанино,Susanino
Сусуман,Susuman
Сухиничи,Sukhinichi
Сухой Лог,Sukhoy Log
Сызрань,Syzran
Сыктывкар,Syktyvkar
Сысерть,Sysert
Сычевка,Sychevka
Сюмси,Syumsi
Сямжа,Syamzha
Тавда,Tavda
Таврическое,Tavricheskoye
Таганрог,Taganrog
Тайга,Tayga
Тайшет,Tayshet
Таксимо,Taksimo
Талдом,Taldom
Талица,Talitsa
Таловая,Talovaya
Тальменка,Talmenka
Тамала,Tamala
Тамбов,Tambov
Тамбовка,Tambovka
Тара,Tara
Тарко,Tarko
Тарко-Сале,Tarko-Sale
Тарногский Городок,Tarnogskiy Gorodok
Тарумовка,Tarumovka
Таруса,Tarusa
Тасеево,Taseyevo
Татарск,Tatarsk
Татищево,Tatishchevo
Ташла,Tashla
Таштагол,Tashtagol
Таштып,Tashtyp
Тбилисская,Tbilisskaya
Тверь,Tver
Теберда,Teberda
Тевриз,Tevriz
Тейково,Teykovo
Текстильщик,Tekstilshchik
Темников,Temnikov
Темрюк,Temryuk
Теньгушево,Tengushevo
Тербуны,Terbuny
Терек,Terek
Терекли-Мектеб,Terekli-Mekteb
Тереньга,Terenga
Терней,Terney
Терновка,Ternivka
Тетюши,Tetyushi
Тигиль,Tigil
Тикси,Tiksi
Тиличики,Tilichiki
Тим,Tim
Тимашевск,Timashevsk
Тисуль,Tisul
Тихвин,Tikhvin
Тихорецк,Tikhoretsk
Тишково,Tishkovo
Тлярата,Tlyarata
Тобольск,Tobolsk
Тогучин,Toguchin
Токаревка,Tokarevka
Тольятти,Togliatti
Томари,Tomari
Томилино,Tomilino
Томск,Tomsk
Тонкино,Tonkino
Тоншаево,Tonshayevo
Тоора-Хем,Toora-Khem
Топчиха,Topchikha
Торбеево,Torbeyevo
Торжок,Torzhok
Торопец,Toropets
Тосно,Tosno
Тотьма,Totma
Тоцкое,Totskoye
Тпиг,Tpig
Трехгорный,Trekhgorny
Троицк,Troitsk
Троицко-Печерск,Troitsko-Pechorsk
Троицкое,Troitskoye
Тросна,Trosna
Трубчевск,Trubchevsk
Туапсе,Tuapse
Туголесский Бор,Tugolesskiy Bor
Тугулым,Tugulym
Тугур,Tugur
Тужа,Tuzha
Туймазы,Tuymazy
Тула,Tula
Тулун,Tulun
Тульский,Tulskiy
Тупик,Tupik
Тура,Tatarbunary
Туран,Turan
Туринск,Turinsk
Туринская Слобода,Turinskaya Sloboda
Турочак,Turochak
Турунтаево,Turuntayevo
Туруханск,Turukhansk
Тутаев,Tutayev
Тучково,Tuchkovo
Тымовское,Tymovskoye
Тымск,Tymsk
Тында,Tynda
Тырныауз,Tyrnyauz
Тээли,Teeli
Тюкалинск,Tyukalinsk
Тюльган,Tyulgan
Тюменцево,Tyumentsevo
Тюмень,Tyumen
Тюхтет,Tyukhtet
Убинское,Ubinskoye
Ува,Uva
Уваровка,Uvarovka
Уварово,Uvarovo
Уват,Uvat
Углегорск,Uglegorsk
Углич,Uglich
Угловское,Uglovskoye
Угра,Ugra
Удомля,Udomlya
Ужур,Uzhur
Узловая,Uzlovaya
Уинское,Uinskoye
Уйское,Uyskoye
Улан-Удэ,Ulan-Ude
Ульяново,Ulyanovo
Ульяновск,Ulyanovsk
Умба,Umba
Умет,Umet
Унеча,Unecha
Уни,Uni
Унъюган,Unyugan
Упорово,Uporovo
Уразовка,Urazovka
Урай,Uray
Уральск,Uralsk
Урень,Uren
Уржум,Urzhum
Уркарах,Urkarakh
Урмары,Urmary
Урус-Мартан,Urus-Martan
Урюпинск,Uryupinsk
Усвяты,Usvyaty
Усинск,Usinsk
Усмань,Usman
Усогорск,Usogorsk
Усолье,Usolye
Усолье-Сибирское,Usolye-Sibirskoye
Успенское,Uspenskoye
Уссурийск,Ussuriysk
Усть-Авам,Ust-Avam
Усть-Белая,Ust-Belaya
Усть-Большерецк,Ust-Bolsheretsk
Усть-Джегута,Ust-Dzheguta
Усть-Илимск,Ust-Ilimsk
Усть-Ишим,Ust-Ishim
Усть-Калманка,Ust-Kalmanka
Усть-Камчатск,Ust-Kamchatsk
Усть-Кан,Ust-Kan
Усть-Катав,Ust-Katav
Усть-Кишерть,Ust-Kishert
Усть-Кокса,Ust-Koksa
Усть-Кулом,Ust-Kulom
Усть-Кут,Ust-Kut
Усть-Лабинск,Ust-Labinsk
Усть-Мая,Ust-Maya
Усть-Нера,Ust-Nera
Усть-Омчуг,Ust-Omchug
Усть-Ордынский,Ust-Ordynskiy
Усть-Тарка,Ust-Tarka
Усть-Уда,Ust-Uda
Усть-Цильма,Ust-Tsilma
Усть-Чарышская Пристань,Ust-Charyshskaya Pristan
Устюжна,Ustyuzhna
Утта,Utta
Уфа,Ufa
Ухолово,Ukholovo
Ухта,Ukhta
Уяр,Uyar
Фаленки,Falenki
Фатеж,Fatezh
Федоровка,Fedorovka
Ферзиково,Ferzikovo
Фершампенуаз,Fershampenuaz
Фирово,Firovo
Фирсановка,Firsanovka
Фокино,Fokino
Фролово,Frolovo
Фрязино,Fryazino
Фряново,Fryanovo
Фурманов,Furmanov
Фурманово,Furmanovo
Хабаровск,Khabarovsk
Хабары,Khabary
Хабез,Khabez
Хандыга,Khandyga
Ханты-Мансийск,Khanty-Mansiysk
Харабали,Kharabali
Харовск,Kharovsk
Хасавюрт,Khasavyurt
Хасан,Khasan
Хатанга,Khatanga
Хвалынск,Khvalynsk
Хвастовичи,Khvastovichi
Хвойное,Khvoynoye
Хворостянка,Khvorostyanka
Хив,Khiv
Хилок,Khilok
Химки,Khimki
Хиславичи,Khislavichi
Хлевное,Khlevnoye
Хову-Аксы,Khovu-Aksy
Холм,Kholm
Холмогоры,Kholmogory
Холмск,Kholmsk
Хомутовка,Khomutovka
Хомутово,Khomutovo
Хоринск,Khorinsk
Хорлово,Khorlovo
Хороль,Khorol
Хотынец,Khotynets
Хотьково,Khotkovo
Хунзах,Khunzakh
Целина,Tselina
Целинное,Tselinnoye
Цивильск,Tsivilsk
Цимлянск,Tsimlyansk
Цуриб,Tsurib
Чагода,Chagoda
Чадан,Chadan
Чайковский,Chaykovskiy
Чалтырь,Chaltyr
Чамзинка,Chamzinka
Чапаев,Chapayev
Чапаевск,Chapayevsk
Чаплыгин,Chaplygin
Чарышское,Charyshskoye
Чебаркуль,Chebarkul
Чебоксары,Cheboksary
Чегдомын,Chegdomyn
Чекмагуш,Chekmagush
Челябинск,Chelyabinsk
Чердынь,Cherdyn
Черемисиново,Cheremisinovo
Черемушки,Cheremushki
Черемхово,Cheremkhovo
Черепаново,Cherepanovo
Череповец,Cherepovets
Черкесск,Cherkessk
Черкизово,Cherkizovo
Черлак,Cherlak
Черниговка,Chernigovka
Черноголовка,Chernogolovka
Черногорск,Chernogorsk
Чернореченский,Chernorechenskiy
Чернушка,Chernushka
Чернышевск,Chernyshevsk
Чернышковский,Chernyshkovskiy
Чернянка,Chernyanka
Черняховск,Chernyakhovsk
Черский,Cherskiy
Чертково,Chertkovo
Черусти,Cherusti
Чесма,Chesma
Чехов,Chekhov
Чикола,Chikola
Чистоозерное,Chistoozernoye
Чистополь,Chistopol
Чита,Chita
Чишмы,Chishmy
Чкаловск,Chkalovsk
Чокурдах,Chokurdakh
Чугуевка,Chuguyevka
Чудово,Chudovo
Чулым,Chulym
Чумикан,Chumikan
Чурапча,Churapcha
Чусовой,Chusovoy
Чухлома,Chukhloma
Чучково,Chuchkovo
Шаблыкино,Shablykino
Шагонар,Shagonar
Шадринск,Shadrinsk
Шали,Shali
Шалинское,Shalinskoye
Шаран,Sharan
Шаранга,Sharanga
Шарапово,Sharapovo
Шаркан,Sharkan
Шарлык,Sharlyk
Шарыпово,Sharypovo
Шарья,Sharya
Шатки,Shatki
Шатрово,Shatrovo
Шатура,Shatura
Шатурторф,Shaturtorf
Шаховская,Shakhovskaya
Шахтерск,Shakhtarsk
Шахты,Shakhty
Шахунья,Shakhunya
Шацк,Shatsk
Шебалино,Shebalino
Шебекино,Shebekino
Шексна,Sheksna
Шелаболиха,Shelabolikha
Шелехов,Shelekhov
Шемурша,Shemursha
Шемышейка,Shemysheyka
Шемятино,Shemyatino
Шенкурск,Shenkursk
Шентала,Shentala
Шербакуль,Sherbakul
Шигоны,Shigony
Шилка,Shilka
Шилово,Shilovo
Шимановск,Shimanovsk
Шимск,Shimsk
Шипуново,Shipunovo
Шира,Shira
Шлиссельбург,Shlisselburg
Шумерля,Shumerlya
Шумиха,Shumikha
Шумячи,Shumyachi
Шушенское,Shushenskoye
Шуя,Shuya
Щекино,Tshekino
Щелково,Shchyolkovo
Щербинка,Shcherbinka
Щигры,Shchigry
Щучье,Shchuchye
Эвенск,Evensk
Эгвекинот,Egvekinot
Экимчан,Ekimchan
Электрогорск,Elektrogorsk
Электросталь,Elektrostal
Электроугли,Elektrougli
Элиста,Elista
Энгельс,Engels
Энергетик,Energetik
Эрзин,Erzin
Эртиль,Ertil
Югорск,Yugorsk
Южа,Yuzha
Южно-Курильск,Yuzhno-Kurilsk
Южно-Сахалинск,Yuzhno-Sakhalinsk
Южно-Сухокумск,Yuzhno-Sukhokumsk
Юкаменское,Yukamenskoye
Юрга,Yurga
Юргамыш,Yurgamysh
Юрибей,Yuribey
Юрино,Yurino
Юрла,Yurla
Юрьев-Польский,Yuryev-Polskiy
Юрьевец,Yuryevets
Юрья,Yurya
Юрюзань,Yuryuzan
Юста,Yusta
Юсьва,Yusva
Юхнов,Yukhnov
Ягодное,Yagodnoye
Ядрин,Yadrin
Ядрино,Yadrino
Яковлевка,Yakovlevka
Якутск,Yakutsk
Якшур-Бодья,Yakshur-Bodya
Ялуторовск,Yalutorovsk
Яльчики,Yalchiki
Янаул,Yanaul
Янтиково,Yantikovo
Яр,Yar
Яр-Сале,Yar-Sale
Яранск,Yaransk
Яренск,Yarensk
Ярково,Yarkovo
Ярославль,Yaroslavl
Ярцево,Yartsevo
Ясногорск,Yasnogorsk
Ясный,Yasny
Яхрома,Yakhroma
Яшалта,Yashalta
Яшкино,Yashkino
Яшкуль,Yashkul
Яя,Yaya